Insert into CURSO (IDCURSO,NOMCURSO) values ('20','Curso Java');
Insert into CURSO (IDCURSO,NOMCURSO) values ('21','Curso Android');
Insert into CURSO (IDCURSO,NOMCURSO) values ('22','Curso UIUX');
Insert into CURSO (IDCURSO,NOMCURSO) values ('23','Curso SQL');
Insert into CURSO (IDCURSO,NOMCURSO) values ('24','Curso PYTHON');
select * from curso;
--====================================================================================

Insert into ALUMNO (IDALUMNO,NOMBRE, CURSO_IDCURSO, IDALUMNO1) values ('1','juan perez', 20,1);
Insert into ALUMNO (IDALUMNO,NOMBRE, CURSO_IDCURSO, IDALUMNO1) values ('2','emmanuel araya', 20,2);
Insert into ALUMNO (IDALUMNO,NOMBRE, CURSO_IDCURSO, IDALUMNO1) values ('3','cristian flores', 20,3);
Insert into ALUMNO (IDALUMNO,NOMBRE, CURSO_IDCURSO, IDALUMNO1) values ('4','isaias aguirre', 20,4);
Insert into ALUMNO (IDALUMNO,NOMBRE, CURSO_IDCURSO, IDALUMNO1) values ('5','pato herrera', 20,5);
Insert into ALUMNO (IDALUMNO,NOMBRE, CURSO_IDCURSO, IDALUMNO1) values ('6','natalia asis', 20,6);
Insert into ALUMNO (IDALUMNO,NOMBRE, CURSO_IDCURSO, IDALUMNO1) values ('7','andres uribe', 20,7);
Insert into ALUMNO (IDALUMNO,NOMBRE, CURSO_IDCURSO, IDALUMNO1) values ('8','paula borlone', 20,8);
Insert into ALUMNO (IDALUMNO,NOMBRE, CURSO_IDCURSO, IDALUMNO1) values ('9','alonso cordova', 20,9);
Insert into ALUMNO (IDALUMNO,NOMBRE, CURSO_IDCURSO, IDALUMNO1) values ('10','javiera ortiz', 20,10);
Insert into ALUMNO (IDALUMNO,NOMBRE, CURSO_IDCURSO, IDALUMNO1) values ('11','alonso uribe', 21,1);
Insert into ALUMNO (IDALUMNO,NOMBRE, CURSO_IDCURSO, IDALUMNO1) values ('12','paula flores', 21,2);
Insert into ALUMNO (IDALUMNO,NOMBRE, CURSO_IDCURSO, IDALUMNO1) values ('13','javiera ortiz', 21,3);
Insert into ALUMNO (IDALUMNO,NOMBRE, CURSO_IDCURSO, IDALUMNO1) values ('14','isaias herrera', 21,4);
Insert into ALUMNO (IDALUMNO,NOMBRE, CURSO_IDCURSO, IDALUMNO1) values ('15','paula perez', 21,5);
Insert into ALUMNO (IDALUMNO,NOMBRE, CURSO_IDCURSO, IDALUMNO1) values ('16','natalia araya', 21,6);
Insert into ALUMNO (IDALUMNO,NOMBRE, CURSO_IDCURSO, IDALUMNO1) values ('17','juan uribe', 21,7);
Insert into ALUMNO (IDALUMNO,NOMBRE, CURSO_IDCURSO, IDALUMNO1) values ('18','pato cordova', 21,8);
Insert into ALUMNO (IDALUMNO,NOMBRE, CURSO_IDCURSO, IDALUMNO1) values ('19','cristian borlone', 21,9);
Insert into ALUMNO (IDALUMNO,NOMBRE, CURSO_IDCURSO, IDALUMNO1) values ('20','emmanuel flores', 21,10);
select * from alumno;
--====================================================================================

Insert into PRUEBA (IDPRUEBA,DESCPRUEBA,NOMPRUEBA,PROGRAMA,UNIDAD) values ('1','Programacion basica','Java 1','F S Java','Programac');
Insert into PRUEBA (IDPRUEBA,DESCPRUEBA,NOMPRUEBA,PROGRAMA,UNIDAD) values ('2','Programacion avanzada','Java 2','F S Java','Programac');
Insert into PRUEBA (IDPRUEBA,DESCPRUEBA,NOMPRUEBA,PROGRAMA,UNIDAD) values ('3','POO','Java 3','F S Java','Prog PO');
Insert into PRUEBA (IDPRUEBA,DESCPRUEBA,NOMPRUEBA,PROGRAMA,UNIDAD) values ('4','Programacion basica','Android 1','F S Andr','Programac');
select * from prueba;
--delete from table PRUEBA;
--====================================================================================

Insert into PREGUNTA (IDPREGUNTA,ENUNCIADO,PUNTAJE,PRUEBA_IDPRUEBA) values ('1','Enunciado 1','20','1');
Insert into PREGUNTA (IDPREGUNTA,ENUNCIADO,PUNTAJE,PRUEBA_IDPRUEBA) values ('2','Enunciado 2','30','1');
Insert into PREGUNTA (IDPREGUNTA,ENUNCIADO,PUNTAJE,PRUEBA_IDPRUEBA) values ('3','Enunciado 3','50','1');
Insert into PREGUNTA (IDPREGUNTA,ENUNCIADO,PUNTAJE,PRUEBA_IDPRUEBA) values ('4','Enunciado 4','10','2');
Insert into PREGUNTA (IDPREGUNTA,ENUNCIADO,PUNTAJE,PRUEBA_IDPRUEBA) values ('5','Enunciado 5','20','2');
Insert into PREGUNTA (IDPREGUNTA,ENUNCIADO,PUNTAJE,PRUEBA_IDPRUEBA) values ('6','Enunciado 6','30','2');
Insert into PREGUNTA (IDPREGUNTA,ENUNCIADO,PUNTAJE,PRUEBA_IDPRUEBA) values ('7','Enunciado 7','40','2');
Insert into PREGUNTA (IDPREGUNTA,ENUNCIADO,PUNTAJE,PRUEBA_IDPRUEBA) values ('8','Enunciado 8','20','3');
Insert into PREGUNTA (IDPREGUNTA,ENUNCIADO,PUNTAJE,PRUEBA_IDPRUEBA) values ('9','Enunciado 9','20','3');
Insert into PREGUNTA (IDPREGUNTA,ENUNCIADO,PUNTAJE,PRUEBA_IDPRUEBA) values ('10','Enunciado 10','20','3');
Insert into PREGUNTA (IDPREGUNTA,ENUNCIADO,PUNTAJE,PRUEBA_IDPRUEBA) values ('11','Enunciado 11','20','3');
Insert into PREGUNTA (IDPREGUNTA,ENUNCIADO,PUNTAJE,PRUEBA_IDPRUEBA) values ('12','Enunciado 12','20','3');
select * from pregunta;
--====================================================================================

Insert into ALTERNATIVA (IDALTERNATIVA,DESCALT,VALORLOGICO,PREGUNTA_IDPREGUNTA,PREGUNTA_IDPRUEBA) values ('1','Alternativa 1 P1','T','1','1');
Insert into ALTERNATIVA (IDALTERNATIVA,DESCALT,VALORLOGICO,PREGUNTA_IDPREGUNTA,PREGUNTA_IDPRUEBA) values ('2','Alternativa 2 P1','F','1','1');
Insert into ALTERNATIVA (IDALTERNATIVA,DESCALT,VALORLOGICO,PREGUNTA_IDPREGUNTA,PREGUNTA_IDPRUEBA) values ('3','Alternativa 1 P2','T','2','1');
Insert into ALTERNATIVA (IDALTERNATIVA,DESCALT,VALORLOGICO,PREGUNTA_IDPREGUNTA,PREGUNTA_IDPRUEBA) values ('4','alternativa 2 P2','F','2','1');
Insert into ALTERNATIVA (IDALTERNATIVA,DESCALT,VALORLOGICO,PREGUNTA_IDPREGUNTA,PREGUNTA_IDPRUEBA) values ('5','Alternativa 3 P2','F','2','1');
Insert into ALTERNATIVA (IDALTERNATIVA,DESCALT,VALORLOGICO,PREGUNTA_IDPREGUNTA,PREGUNTA_IDPRUEBA) values ('6','Alternativa 1 P3','T','3','1');
Insert into ALTERNATIVA (IDALTERNATIVA,DESCALT,VALORLOGICO,PREGUNTA_IDPREGUNTA,PREGUNTA_IDPRUEBA) values ('7','Alternativa 2 P3','T','3','1');
Insert into ALTERNATIVA (IDALTERNATIVA,DESCALT,VALORLOGICO,PREGUNTA_IDPREGUNTA,PREGUNTA_IDPRUEBA) values ('8','Alternativa 3 P3','T','3','1');

Insert into ALTERNATIVA (IDALTERNATIVA,DESCALT,VALORLOGICO,PREGUNTA_IDPREGUNTA,PREGUNTA_IDPRUEBA) values ('9','Alternativa 1 P1','T','4','2');
Insert into ALTERNATIVA (IDALTERNATIVA,DESCALT,VALORLOGICO,PREGUNTA_IDPREGUNTA,PREGUNTA_IDPRUEBA) values ('10','Alternativa 2 P1','F','4','2');
Insert into ALTERNATIVA (IDALTERNATIVA,DESCALT,VALORLOGICO,PREGUNTA_IDPREGUNTA,PREGUNTA_IDPRUEBA) values ('11','Alternativa 1 P2','T','5','2');
Insert into ALTERNATIVA (IDALTERNATIVA,DESCALT,VALORLOGICO,PREGUNTA_IDPREGUNTA,PREGUNTA_IDPRUEBA) values ('12','alternativa 2 P2','F','5','2');
Insert into ALTERNATIVA (IDALTERNATIVA,DESCALT,VALORLOGICO,PREGUNTA_IDPREGUNTA,PREGUNTA_IDPRUEBA) values ('13','Alternativa 3 P2','F','5','2');
Insert into ALTERNATIVA (IDALTERNATIVA,DESCALT,VALORLOGICO,PREGUNTA_IDPREGUNTA,PREGUNTA_IDPRUEBA) values ('14','Alternativa 1 P3','T','6','2');
Insert into ALTERNATIVA (IDALTERNATIVA,DESCALT,VALORLOGICO,PREGUNTA_IDPREGUNTA,PREGUNTA_IDPRUEBA) values ('15','Alternativa 2 P3','T','6','2');
Insert into ALTERNATIVA (IDALTERNATIVA,DESCALT,VALORLOGICO,PREGUNTA_IDPREGUNTA,PREGUNTA_IDPRUEBA) values ('16','Alternativa 3 P3','T','6','2');
Insert into ALTERNATIVA (IDALTERNATIVA,DESCALT,VALORLOGICO,PREGUNTA_IDPREGUNTA,PREGUNTA_IDPRUEBA) values ('17','Alternativa 1 P4','T','7','2');
Insert into ALTERNATIVA (IDALTERNATIVA,DESCALT,VALORLOGICO,PREGUNTA_IDPREGUNTA,PREGUNTA_IDPRUEBA) values ('18','Alternativa 2 P4','F','7','2');

Insert into ALTERNATIVA (IDALTERNATIVA,DESCALT,VALORLOGICO,PREGUNTA_IDPREGUNTA,PREGUNTA_IDPRUEBA) values ('19','Alternativa 1 P1','T','8','3');
Insert into ALTERNATIVA (IDALTERNATIVA,DESCALT,VALORLOGICO,PREGUNTA_IDPREGUNTA,PREGUNTA_IDPRUEBA) values ('20','alternativa 2 P1','F','8','3');
Insert into ALTERNATIVA (IDALTERNATIVA,DESCALT,VALORLOGICO,PREGUNTA_IDPREGUNTA,PREGUNTA_IDPRUEBA) values ('21','Alternativa 1 P2','F','9','3');
Insert into ALTERNATIVA (IDALTERNATIVA,DESCALT,VALORLOGICO,PREGUNTA_IDPREGUNTA,PREGUNTA_IDPRUEBA) values ('22','Alternativa 2 P2','T','9','3');
Insert into ALTERNATIVA (IDALTERNATIVA,DESCALT,VALORLOGICO,PREGUNTA_IDPREGUNTA,PREGUNTA_IDPRUEBA) values ('23','Alternativa 3 P2','T','9','3');
Insert into ALTERNATIVA (IDALTERNATIVA,DESCALT,VALORLOGICO,PREGUNTA_IDPREGUNTA,PREGUNTA_IDPRUEBA) values ('24','Alternativa 1 P3','T','10','3');
Insert into ALTERNATIVA (IDALTERNATIVA,DESCALT,VALORLOGICO,PREGUNTA_IDPREGUNTA,PREGUNTA_IDPRUEBA) values ('25','Alternativa 2 P3','T','10','3');
Insert into ALTERNATIVA (IDALTERNATIVA,DESCALT,VALORLOGICO,PREGUNTA_IDPREGUNTA,PREGUNTA_IDPRUEBA) values ('26','Alternativa 3 P3','T','10','3');
Insert into ALTERNATIVA (IDALTERNATIVA,DESCALT,VALORLOGICO,PREGUNTA_IDPREGUNTA,PREGUNTA_IDPRUEBA) values ('27','Alternativa 1 P4','T','11','3');
Insert into ALTERNATIVA (IDALTERNATIVA,DESCALT,VALORLOGICO,PREGUNTA_IDPREGUNTA,PREGUNTA_IDPRUEBA) values ('28','Alternativa 1 P5','T','12','3');
select * from alternativa;
--delete from alternativa where idalternativa = 23;
--====================================================================================

select * from curso;
select * from alumno;
select * from test where pruebaid = 1;
--delete from respalt;
--delete from respuesta;
--delete from test;
Insert into TEST (IDTEST,PRUEBAID,ALUMNO_IDALUMNO,IDALUMNO1,ALUMNO_IDCURSO) values ('1','1','1','1','20');
Insert into TEST (IDTEST,PRUEBAID,ALUMNO_IDALUMNO,IDALUMNO1,ALUMNO_IDCURSO) values ('2','1','2','2','20');
Insert into TEST (IDTEST,PRUEBAID,ALUMNO_IDALUMNO,IDALUMNO1,ALUMNO_IDCURSO) values ('3','1','3','3','20');
Insert into TEST (IDTEST,PRUEBAID,ALUMNO_IDALUMNO,IDALUMNO1,ALUMNO_IDCURSO) values ('4','1','4','4','20');
Insert into TEST (IDTEST,PRUEBAID,ALUMNO_IDALUMNO,IDALUMNO1,ALUMNO_IDCURSO) values ('5','1','5','5','20');
Insert into TEST (IDTEST,PRUEBAID,ALUMNO_IDALUMNO,IDALUMNO1,ALUMNO_IDCURSO) values ('6','1','6','6','20');
Insert into TEST (IDTEST,PRUEBAID,ALUMNO_IDALUMNO,IDALUMNO1,ALUMNO_IDCURSO) values ('7','1','7','7','20');
Insert into TEST (IDTEST,PRUEBAID,ALUMNO_IDALUMNO,IDALUMNO1,ALUMNO_IDCURSO) values ('8','1','8','8','20');
Insert into TEST (IDTEST,PRUEBAID,ALUMNO_IDALUMNO,IDALUMNO1,ALUMNO_IDCURSO) values ('9','1','9','9','20');
Insert into TEST (IDTEST,PRUEBAID,ALUMNO_IDALUMNO,IDALUMNO1,ALUMNO_IDCURSO) values ('10','1','10','10','20');

Insert into TEST (IDTEST,PRUEBAID,ALUMNO_IDALUMNO,IDALUMNO1,ALUMNO_IDCURSO) values ('11','1','11','11','21');
Insert into TEST (IDTEST,PRUEBAID,ALUMNO_IDALUMNO,IDALUMNO1,ALUMNO_IDCURSO) values ('12','1','12','12','21');
Insert into TEST (IDTEST,PRUEBAID,ALUMNO_IDALUMNO,IDALUMNO1,ALUMNO_IDCURSO) values ('13','1','13','13','21');
Insert into TEST (IDTEST,PRUEBAID,ALUMNO_IDALUMNO,IDALUMNO1,ALUMNO_IDCURSO) values ('14','1','14','14','21');
Insert into TEST (IDTEST,PRUEBAID,ALUMNO_IDALUMNO,IDALUMNO1,ALUMNO_IDCURSO) values ('15','1','15','15','21');
Insert into TEST (IDTEST,PRUEBAID,ALUMNO_IDALUMNO,IDALUMNO1,ALUMNO_IDCURSO) values ('16','1','16','16','21');
Insert into TEST (IDTEST,PRUEBAID,ALUMNO_IDALUMNO,IDALUMNO1,ALUMNO_IDCURSO) values ('17','1','17','17','21');
Insert into TEST (IDTEST,PRUEBAID,ALUMNO_IDALUMNO,IDALUMNO1,ALUMNO_IDCURSO) values ('18','1','18','18','21');
Insert into TEST (IDTEST,PRUEBAID,ALUMNO_IDALUMNO,IDALUMNO1,ALUMNO_IDCURSO) values ('19','1','19','19','21');
Insert into TEST (IDTEST,PRUEBAID,ALUMNO_IDALUMNO,IDALUMNO1,ALUMNO_IDCURSO) values ('20','1','20','20','21');
select * from test;
--====================================================================================

--delete from respuesta;
select * from respuesta;
                                                                                                                         
Insert into RESPUESTA (IDRESPUESTA,DESCRESP,TRUEFALSE,OMITIDA,PREGUNTAID,TEST_IDTEST,TEST_ALUMNO_IDALUMNO,
TEST_ALUMNO_IDCURSO,TEST_IDALUMNO1)
values ('1','Descripcion respuesta','T','F','1','1','1','20','1');
Insert into RESPUESTA (IDRESPUESTA,DESCRESP,TRUEFALSE,OMITIDA,PREGUNTAID,TEST_IDTEST,TEST_ALUMNO_IDALUMNO,
TEST_ALUMNO_IDCURSO,TEST_IDALUMNO1)
values ('2','Descripcion respuesta','T','F','2','1','1','20','1');
Insert into RESPUESTA (IDRESPUESTA,DESCRESP,TRUEFALSE,OMITIDA,PREGUNTAID,TEST_IDTEST,TEST_ALUMNO_IDALUMNO,
TEST_ALUMNO_IDCURSO,TEST_IDALUMNO1)
values ('3','Descripcion respuesta','T','F','3','1','1','20','1');

Insert into RESPUESTA (IDRESPUESTA,DESCRESP,TRUEFALSE,OMITIDA,PREGUNTAID,TEST_IDTEST,TEST_ALUMNO_IDALUMNO,
TEST_ALUMNO_IDCURSO,TEST_IDALUMNO1)
values ('4','Descripcion respuesta','T','F','4','1','1','20','1');
Insert into RESPUESTA (IDRESPUESTA,DESCRESP,TRUEFALSE,OMITIDA,PREGUNTAID,TEST_IDTEST,TEST_ALUMNO_IDALUMNO,
TEST_ALUMNO_IDCURSO,TEST_IDALUMNO1)
values ('5','Descripcion respuesta','T','F','5','1','1','20','1');
Insert into RESPUESTA (IDRESPUESTA,DESCRESP,TRUEFALSE,OMITIDA,PREGUNTAID,TEST_IDTEST,TEST_ALUMNO_IDALUMNO,
TEST_ALUMNO_IDCURSO,TEST_IDALUMNO1)
values ('6','Descripcion respuesta','T','F','6','1','1','20','1');
Insert into RESPUESTA (IDRESPUESTA,DESCRESP,TRUEFALSE,OMITIDA,PREGUNTAID,TEST_IDTEST,TEST_ALUMNO_IDALUMNO,
TEST_ALUMNO_IDCURSO,TEST_IDALUMNO1)
values ('7','Descripcion respuesta','T','F','7','1','1','20','1');

Insert into RESPUESTA (IDRESPUESTA,DESCRESP,TRUEFALSE,OMITIDA,PREGUNTAID,TEST_IDTEST,TEST_ALUMNO_IDALUMNO,
TEST_ALUMNO_IDCURSO,TEST_IDALUMNO1)
values ('8','Descripcion respuesta','T','F','8','1','1','20','1');
Insert into RESPUESTA (IDRESPUESTA,DESCRESP,TRUEFALSE,OMITIDA,PREGUNTAID,TEST_IDTEST,TEST_ALUMNO_IDALUMNO,
TEST_ALUMNO_IDCURSO,TEST_IDALUMNO1)
values ('9','Descripcion respuesta','T','F','9','1','1','20','1');
Insert into RESPUESTA (IDRESPUESTA,DESCRESP,TRUEFALSE,OMITIDA,PREGUNTAID,TEST_IDTEST,TEST_ALUMNO_IDALUMNO,
TEST_ALUMNO_IDCURSO,TEST_IDALUMNO1)
values ('10','Descripcion respuesta','T','F','10','1','1','20','1');
Insert into RESPUESTA (IDRESPUESTA,DESCRESP,TRUEFALSE,OMITIDA,PREGUNTAID,TEST_IDTEST,TEST_ALUMNO_IDALUMNO,
TEST_ALUMNO_IDCURSO,TEST_IDALUMNO1)
values ('11','Descripcion respuesta','T','F','11','1','1','20','1');
Insert into RESPUESTA (IDRESPUESTA,DESCRESP,TRUEFALSE,OMITIDA,PREGUNTAID,TEST_IDTEST,TEST_ALUMNO_IDALUMNO,
TEST_ALUMNO_IDCURSO,TEST_IDALUMNO1)
values ('12','Descripcion respuesta','T','F','12','1','1','20','1');

--
Insert into RESPUESTA (IDRESPUESTA,DESCRESP,TRUEFALSE,OMITIDA,PREGUNTAID,TEST_IDTEST,TEST_ALUMNO_IDALUMNO,
TEST_ALUMNO_IDCURSO,TEST_IDALUMNO1)
values ('13','Descripcion respuesta','T','F','1','1','2','20','2');
Insert into RESPUESTA (IDRESPUESTA,DESCRESP,TRUEFALSE,OMITIDA,PREGUNTAID,TEST_IDTEST,TEST_ALUMNO_IDALUMNO,
TEST_ALUMNO_IDCURSO,TEST_IDALUMNO1)
values ('14','Descripcion respuesta','T','F','2','1','2','20','2');
Insert into RESPUESTA (IDRESPUESTA,DESCRESP,TRUEFALSE,OMITIDA,PREGUNTAID,TEST_IDTEST,TEST_ALUMNO_IDALUMNO,
TEST_ALUMNO_IDCURSO,TEST_IDALUMNO1)
values ('15','Descripcion respuesta','T','F','3','1','2','20','2');

Insert into RESPUESTA (IDRESPUESTA,DESCRESP,TRUEFALSE,OMITIDA,PREGUNTAID,TEST_IDTEST,TEST_ALUMNO_IDALUMNO,
TEST_ALUMNO_IDCURSO,TEST_IDALUMNO1)
values ('16','Descripcion respuesta','T','F','4','1','2','20','2');
Insert into RESPUESTA (IDRESPUESTA,DESCRESP,TRUEFALSE,OMITIDA,PREGUNTAID,TEST_IDTEST,TEST_ALUMNO_IDALUMNO,
TEST_ALUMNO_IDCURSO,TEST_IDALUMNO1)
values ('17','Descripcion respuesta','T','F','5','1','2','20','2');
Insert into RESPUESTA (IDRESPUESTA,DESCRESP,TRUEFALSE,OMITIDA,PREGUNTAID,TEST_IDTEST,TEST_ALUMNO_IDALUMNO,
TEST_ALUMNO_IDCURSO,TEST_IDALUMNO1)
values ('18','Descripcion respuesta','T','F','6','1','2','20','2');
Insert into RESPUESTA (IDRESPUESTA,DESCRESP,TRUEFALSE,OMITIDA,PREGUNTAID,TEST_IDTEST,TEST_ALUMNO_IDALUMNO,
TEST_ALUMNO_IDCURSO,TEST_IDALUMNO1)
values ('19','Descripcion respuesta','T','F','7','1','2','20','2');

Insert into RESPUESTA (IDRESPUESTA,DESCRESP,TRUEFALSE,OMITIDA,PREGUNTAID,TEST_IDTEST,TEST_ALUMNO_IDALUMNO,
TEST_ALUMNO_IDCURSO,TEST_IDALUMNO1)
values ('20','Descripcion respuesta','T','F','8','1','2','20','2');
Insert into RESPUESTA (IDRESPUESTA,DESCRESP,TRUEFALSE,OMITIDA,PREGUNTAID,TEST_IDTEST,TEST_ALUMNO_IDALUMNO,
TEST_ALUMNO_IDCURSO,TEST_IDALUMNO1)
values ('21','Descripcion respuesta','T','F','9','1','2','20','2');
Insert into RESPUESTA (IDRESPUESTA,DESCRESP,TRUEFALSE,OMITIDA,PREGUNTAID,TEST_IDTEST,TEST_ALUMNO_IDALUMNO,
TEST_ALUMNO_IDCURSO,TEST_IDALUMNO1)
values ('22','Descripcion respuesta','T','F','10','1','2','20','2');
Insert into RESPUESTA (IDRESPUESTA,DESCRESP,TRUEFALSE,OMITIDA,PREGUNTAID,TEST_IDTEST,TEST_ALUMNO_IDALUMNO,
TEST_ALUMNO_IDCURSO,TEST_IDALUMNO1)
values ('23','Descripcion respuesta','T','F','11','1','2','20','2');
Insert into RESPUESTA (IDRESPUESTA,DESCRESP,TRUEFALSE,OMITIDA,PREGUNTAID,TEST_IDTEST,TEST_ALUMNO_IDALUMNO,
TEST_ALUMNO_IDCURSO,TEST_IDALUMNO1)
values ('24','Descripcion respuesta','T','F','12','1','2','20','2');

--
Insert into RESPUESTA (IDRESPUESTA,DESCRESP,TRUEFALSE,OMITIDA,PREGUNTAID,TEST_IDTEST,TEST_ALUMNO_IDALUMNO,
TEST_ALUMNO_IDCURSO,TEST_IDALUMNO1)
values ('25','Descripcion respuesta','T','F','1','1','3','20','3');
Insert into RESPUESTA (IDRESPUESTA,DESCRESP,TRUEFALSE,OMITIDA,PREGUNTAID,TEST_IDTEST,TEST_ALUMNO_IDALUMNO,
TEST_ALUMNO_IDCURSO,TEST_IDALUMNO1)
values ('26','Descripcion respuesta','T','F','2','1','3','20','3');
Insert into RESPUESTA (IDRESPUESTA,DESCRESP,TRUEFALSE,OMITIDA,PREGUNTAID,TEST_IDTEST,TEST_ALUMNO_IDALUMNO,
TEST_ALUMNO_IDCURSO,TEST_IDALUMNO1)
values ('27','Descripcion respuesta','T','F','3','1','3','20','3');

Insert into RESPUESTA (IDRESPUESTA,DESCRESP,TRUEFALSE,OMITIDA,PREGUNTAID,TEST_IDTEST,TEST_ALUMNO_IDALUMNO,
TEST_ALUMNO_IDCURSO,TEST_IDALUMNO1)
values ('28','Descripcion respuesta','T','F','4','1','3','20','3');
Insert into RESPUESTA (IDRESPUESTA,DESCRESP,TRUEFALSE,OMITIDA,PREGUNTAID,TEST_IDTEST,TEST_ALUMNO_IDALUMNO,
TEST_ALUMNO_IDCURSO,TEST_IDALUMNO1)
values ('29','Descripcion respuesta','T','F','5','1','3','20','3');
Insert into RESPUESTA (IDRESPUESTA,DESCRESP,TRUEFALSE,OMITIDA,PREGUNTAID,TEST_IDTEST,TEST_ALUMNO_IDALUMNO,
TEST_ALUMNO_IDCURSO,TEST_IDALUMNO1)
values ('30','Descripcion respuesta','T','F','6','1','3','20','3');
Insert into RESPUESTA (IDRESPUESTA,DESCRESP,TRUEFALSE,OMITIDA,PREGUNTAID,TEST_IDTEST,TEST_ALUMNO_IDALUMNO,
TEST_ALUMNO_IDCURSO,TEST_IDALUMNO1)
values ('31','Descripcion respuesta','T','F','7','1','3','20','3');

Insert into RESPUESTA (IDRESPUESTA,DESCRESP,TRUEFALSE,OMITIDA,PREGUNTAID,TEST_IDTEST,TEST_ALUMNO_IDALUMNO,
TEST_ALUMNO_IDCURSO,TEST_IDALUMNO1)
values ('32','Descripcion respuesta','T','F','8','1','3','20','3');
Insert into RESPUESTA (IDRESPUESTA,DESCRESP,TRUEFALSE,OMITIDA,PREGUNTAID,TEST_IDTEST,TEST_ALUMNO_IDALUMNO,
TEST_ALUMNO_IDCURSO,TEST_IDALUMNO1)
values ('33','Descripcion respuesta','T','F','9','1','3','20','3');
Insert into RESPUESTA (IDRESPUESTA,DESCRESP,TRUEFALSE,OMITIDA,PREGUNTAID,TEST_IDTEST,TEST_ALUMNO_IDALUMNO,
TEST_ALUMNO_IDCURSO,TEST_IDALUMNO1)
values ('34','Descripcion respuesta','T','F','10','1','3','20','3');
Insert into RESPUESTA (IDRESPUESTA,DESCRESP,TRUEFALSE,OMITIDA,PREGUNTAID,TEST_IDTEST,TEST_ALUMNO_IDALUMNO,
TEST_ALUMNO_IDCURSO,TEST_IDALUMNO1)
values ('35','Descripcion respuesta','T','F','11','1','3','20','3');
Insert into RESPUESTA (IDRESPUESTA,DESCRESP,TRUEFALSE,OMITIDA,PREGUNTAID,TEST_IDTEST,TEST_ALUMNO_IDALUMNO,
TEST_ALUMNO_IDCURSO,TEST_IDALUMNO1)
values ('36','Descripcion respuesta','T','F','12','1','3','20','3');
--====================================================================================

select * from alternativa;
select * from respalt;

Insert into RESPALT 
(IDRESPALT,VERFALSO,ALTERNATIVAID,RESPUESTA_IDRESPUESTA,RESPUESTA_IDTEST,RESPUESTA_IDALUMNO,
RESPUESTA_IDCURSO,RESPUESTA_PREGUNTAID)
values ('1','T','1','1','1','1','20','1');
Insert into RESPALT 
(IDRESPALT,VERFALSO,ALTERNATIVAID,RESPUESTA_IDRESPUESTA,RESPUESTA_IDTEST,RESPUESTA_IDALUMNO,
RESPUESTA_IDCURSO,RESPUESTA_PREGUNTAID)
values ('2','T','1','2','1','1','20','1');
Insert into RESPALT 
(IDRESPALT,VERFALSO,ALTERNATIVAID,RESPUESTA_IDRESPUESTA,RESPUESTA_IDTEST,RESPUESTA_IDALUMNO,
RESPUESTA_IDCURSO,RESPUESTA_PREGUNTAID)
values ('3','T','1','3','1','1','20','1');
Insert into RESPALT 
(IDRESPALT,VERFALSO,ALTERNATIVAID,RESPUESTA_IDRESPUESTA,RESPUESTA_IDTEST,RESPUESTA_IDALUMNO,
RESPUESTA_IDCURSO,RESPUESTA_PREGUNTAID)
values ('4','T','1','4','1','1','20','1');
Insert into RESPALT 
(IDRESPALT,VERFALSO,ALTERNATIVAID,RESPUESTA_IDRESPUESTA,RESPUESTA_IDTEST,RESPUESTA_IDALUMNO,
RESPUESTA_IDCURSO,RESPUESTA_PREGUNTAID)
values ('5','T','1','5','1','1','20','1');
Insert into RESPALT 
(IDRESPALT,VERFALSO,ALTERNATIVAID,RESPUESTA_IDRESPUESTA,RESPUESTA_IDTEST,RESPUESTA_IDALUMNO,
RESPUESTA_IDCURSO,RESPUESTA_PREGUNTAID)
values ('6','T','1','6','1','1','20','1');
Insert into RESPALT 
(IDRESPALT,VERFALSO,ALTERNATIVAID,RESPUESTA_IDRESPUESTA,RESPUESTA_IDTEST,RESPUESTA_IDALUMNO,
RESPUESTA_IDCURSO,RESPUESTA_PREGUNTAID)
values ('7','T','1','7','1','1','20','1');
Insert into RESPALT 
(IDRESPALT,VERFALSO,ALTERNATIVAID,RESPUESTA_IDRESPUESTA,RESPUESTA_IDTEST,RESPUESTA_IDALUMNO,
RESPUESTA_IDCURSO,RESPUESTA_PREGUNTAID)
values ('8','T','1','8','1','1','20','1');
Insert into RESPALT 
(IDRESPALT,VERFALSO,ALTERNATIVAID,RESPUESTA_IDRESPUESTA,RESPUESTA_IDTEST,RESPUESTA_IDALUMNO,
RESPUESTA_IDCURSO,RESPUESTA_PREGUNTAID)
values ('9','T','1','9','1','1','20','1');
Insert into RESPALT 
(IDRESPALT,VERFALSO,ALTERNATIVAID,RESPUESTA_IDRESPUESTA,RESPUESTA_IDTEST,RESPUESTA_IDALUMNO,
RESPUESTA_IDCURSO,RESPUESTA_PREGUNTAID)
values ('10','T','1','10','1','1','20','1');
Insert into RESPALT 
(IDRESPALT,VERFALSO,ALTERNATIVAID,RESPUESTA_IDRESPUESTA,RESPUESTA_IDTEST,RESPUESTA_IDALUMNO,
RESPUESTA_IDCURSO,RESPUESTA_PREGUNTAID)
values ('11','T','1','11','1','1','20','1');
Insert into RESPALT 
(IDRESPALT,VERFALSO,ALTERNATIVAID,RESPUESTA_IDRESPUESTA,RESPUESTA_IDTEST,RESPUESTA_IDALUMNO,
RESPUESTA_IDCURSO,RESPUESTA_PREGUNTAID)
values ('12','T','1','12','1','1','20','1');
Insert into RESPALT 
(IDRESPALT,VERFALSO,ALTERNATIVAID,RESPUESTA_IDRESPUESTA,RESPUESTA_IDTEST,RESPUESTA_IDALUMNO,
RESPUESTA_IDCURSO,RESPUESTA_PREGUNTAID)
values ('13','T','1','13','1','1','20','1');
Insert into RESPALT 
(IDRESPALT,VERFALSO,ALTERNATIVAID,RESPUESTA_IDRESPUESTA,RESPUESTA_IDTEST,RESPUESTA_IDALUMNO,
RESPUESTA_IDCURSO,RESPUESTA_PREGUNTAID)
values ('14','T','1','14','1','1','20','1');
Insert into RESPALT 
(IDRESPALT,VERFALSO,ALTERNATIVAID,RESPUESTA_IDRESPUESTA,RESPUESTA_IDTEST,RESPUESTA_IDALUMNO,
RESPUESTA_IDCURSO,RESPUESTA_PREGUNTAID)
values ('15','T','1','15','1','1','20','1');
Insert into RESPALT 
(IDRESPALT,VERFALSO,ALTERNATIVAID,RESPUESTA_IDRESPUESTA,RESPUESTA_IDTEST,RESPUESTA_IDALUMNO,
RESPUESTA_IDCURSO,RESPUESTA_PREGUNTAID)
values ('16','T','1','16','1','1','20','1');
Insert into RESPALT 
(IDRESPALT,VERFALSO,ALTERNATIVAID,RESPUESTA_IDRESPUESTA,RESPUESTA_IDTEST,RESPUESTA_IDALUMNO,
RESPUESTA_IDCURSO,RESPUESTA_PREGUNTAID)
values ('17','T','1','17','1','1','20','1');
Insert into RESPALT 
(IDRESPALT,VERFALSO,ALTERNATIVAID,RESPUESTA_IDRESPUESTA,RESPUESTA_IDTEST,RESPUESTA_IDALUMNO,
RESPUESTA_IDCURSO,RESPUESTA_PREGUNTAID)
values ('18','T','1','18','1','1','20','1');
Insert into RESPALT 
(IDRESPALT,VERFALSO,ALTERNATIVAID,RESPUESTA_IDRESPUESTA,RESPUESTA_IDTEST,RESPUESTA_IDALUMNO,
RESPUESTA_IDCURSO,RESPUESTA_PREGUNTAID)
values ('19','T','1','19','1','1','20','1');
Insert into RESPALT 
(IDRESPALT,VERFALSO,ALTERNATIVAID,RESPUESTA_IDRESPUESTA,RESPUESTA_IDTEST,RESPUESTA_IDALUMNO,
RESPUESTA_IDCURSO,RESPUESTA_PREGUNTAID)
values ('20','T','1','20','1','1','20','1');
Insert into RESPALT 
(IDRESPALT,VERFALSO,ALTERNATIVAID,RESPUESTA_IDRESPUESTA,RESPUESTA_IDTEST,RESPUESTA_IDALUMNO,
RESPUESTA_IDCURSO,RESPUESTA_PREGUNTAID)
values ('21','T','1','21','1','1','20','1');
Insert into RESPALT 
(IDRESPALT,VERFALSO,ALTERNATIVAID,RESPUESTA_IDRESPUESTA,RESPUESTA_IDTEST,RESPUESTA_IDALUMNO,
RESPUESTA_IDCURSO,RESPUESTA_PREGUNTAID)
values ('22','T','1','22','1','1','20','1');
Insert into RESPALT 
(IDRESPALT,VERFALSO,ALTERNATIVAID,RESPUESTA_IDRESPUESTA,RESPUESTA_IDTEST,RESPUESTA_IDALUMNO,
RESPUESTA_IDCURSO,RESPUESTA_PREGUNTAID)
values ('23','T','1','23','1','1','20','1');
Insert into RESPALT 
(IDRESPALT,VERFALSO,ALTERNATIVAID,RESPUESTA_IDRESPUESTA,RESPUESTA_IDTEST,RESPUESTA_IDALUMNO,
RESPUESTA_IDCURSO,RESPUESTA_PREGUNTAID)
values ('24','T','1','24','1','1','20','1');
Insert into RESPALT 
(IDRESPALT,VERFALSO,ALTERNATIVAID,RESPUESTA_IDRESPUESTA,RESPUESTA_IDTEST,RESPUESTA_IDALUMNO,
RESPUESTA_IDCURSO,RESPUESTA_PREGUNTAID)
values ('25','T','1','25','1','1','20','1');
Insert into RESPALT 
(IDRESPALT,VERFALSO,ALTERNATIVAID,RESPUESTA_IDRESPUESTA,RESPUESTA_IDTEST,RESPUESTA_IDALUMNO,
RESPUESTA_IDCURSO,RESPUESTA_PREGUNTAID)
values ('26','T','1','26','1','1','20','1');
Insert into RESPALT 
(IDRESPALT,VERFALSO,ALTERNATIVAID,RESPUESTA_IDRESPUESTA,RESPUESTA_IDTEST,RESPUESTA_IDALUMNO,
RESPUESTA_IDCURSO,RESPUESTA_PREGUNTAID)
values ('27','T','1','27','1','1','20','1');
Insert into RESPALT 
(IDRESPALT,VERFALSO,ALTERNATIVAID,RESPUESTA_IDRESPUESTA,RESPUESTA_IDTEST,RESPUESTA_IDALUMNO,
RESPUESTA_IDCURSO,RESPUESTA_PREGUNTAID)
values ('28','T','1','28','1','1','20','1');

